n,build_time_s,query_time_s,avg_chain
100000,0.19642,0.0539005,1.15075
300000,0.594719,0.183651,1.38688
1000000,1.92132,0.592648,1
