n,build_time_s,query_time_s,avg_chain
100000,0.105431,0.0296222,1.24824
300000,0.285318,0.0992768,1.10442
1000000,0.959459,0.341851,1.06961
30000000,35.4613,12.6797,1.10841
