n,build_time,query_time
10000,0.0058124,0.0003484
50000,0.0362369,0.0034915
100000,0.0456894,0.0052625
